<?xml version="1.0" encoding="UTF-8"?>
<GenRun Id="impl_1" LaunchPart="xc7a35tcpg236-1" LaunchTime="1593495786">
  <File Type="BITSTR-BMM" Name="lab5_bd.bmm"/>
  <File Type="OPT-METHODOLOGY-DRC" Name="lab5_methodology_drc_opted.rpt"/>
  <File Type="INIT-TIMING" Name="lab5_timing_summary_init.rpt"/>
  <File Type="ROUTE-PWR" Name="lab5_power_routed.rpt"/>
  <File Type="PA-TCL" Name="lab5.tcl"/>
  <File Type="OPT-TIMING" Name="lab5_timing_summary_opted.rpt"/>
  <File Type="OPT-DCP" Name="lab5_opt.dcp"/>
  <File Type="ROUTE-PWR-SUM" Name="lab5_power_summary_routed.pb"/>
  <File Type="REPORTS-TCL" Name="lab5_reports.tcl"/>
  <File Type="OPT-DRC" Name="lab5_drc_opted.rpt"/>
  <File Type="OPT-HWDEF" Name="lab5.hwdef"/>
  <File Type="PWROPT-DCP" Name="lab5_pwropt.dcp"/>
  <File Type="PWROPT-DRC" Name="lab5_drc_pwropted.rpt"/>
  <File Type="PWROPT-TIMING" Name="lab5_timing_summary_pwropted.rpt"/>
  <File Type="PLACE-DCP" Name="lab5_placed.dcp"/>
  <File Type="PLACE-IO" Name="lab5_io_placed.rpt"/>
  <File Type="PLACE-CLK" Name="lab5_clock_utilization_placed.rpt"/>
  <File Type="PLACE-UTIL" Name="lab5_utilization_placed.rpt"/>
  <File Type="PLACE-UTIL-PB" Name="lab5_utilization_placed.pb"/>
  <File Type="PLACE-CTRL" Name="lab5_control_sets_placed.rpt"/>
  <File Type="PLACE-SIMILARITY" Name="lab5_incremental_reuse_placed.rpt"/>
  <File Type="PLACE-PRE-SIMILARITY" Name="lab5_incremental_reuse_pre_placed.rpt"/>
  <File Type="PLACE-TIMING" Name="lab5_timing_summary_placed.rpt"/>
  <File Type="POSTPLACE-PWROPT-DCP" Name="lab5_postplace_pwropt.dcp"/>
  <File Type="BG-BIN" Name="lab5.bin"/>
  <File Type="POSTPLACE-PWROPT-TIMING" Name="lab5_timing_summary_postplace_pwropted.rpt"/>
  <File Type="PHYSOPT-DCP" Name="lab5_physopt.dcp"/>
  <File Type="PHYSOPT-DRC" Name="lab5_drc_physopted.rpt"/>
  <File Type="BITSTR-MSK" Name="lab5.msk"/>
  <File Type="PHYSOPT-TIMING" Name="lab5_timing_summary_physopted.rpt"/>
  <File Type="ROUTE-ERROR-DCP" Name="lab5_routed_error.dcp"/>
  <File Type="ROUTE-DCP" Name="lab5_routed.dcp"/>
  <File Type="ROUTE-BLACKBOX-DCP" Name="lab5_routed_bb.dcp"/>
  <File Type="ROUTE-DRC" Name="lab5_drc_routed.rpt"/>
  <File Type="ROUTE-DRC-PB" Name="lab5_drc_routed.pb"/>
  <File Type="ROUTE-DRC-RPX" Name="lab5_drc_routed.rpx"/>
  <File Type="BITSTR-MMI" Name="lab5.mmi"/>
  <File Type="ROUTE-METHODOLOGY-DRC" Name="lab5_methodology_drc_routed.rpt"/>
  <File Type="ROUTE-METHODOLOGY-DRC-RPX" Name="lab5_methodology_drc_routed.rpx"/>
  <File Type="ROUTE-METHODOLOGY-DRC-PB" Name="lab5_methodology_drc_routed.pb"/>
  <File Type="ROUTE-PWR-RPX" Name="lab5_power_routed.rpx"/>
  <File Type="ROUTE-STATUS" Name="lab5_route_status.rpt"/>
  <File Type="ROUTE-STATUS-PB" Name="lab5_route_status.pb"/>
  <File Type="ROUTE-TIMINGSUMMARY" Name="lab5_timing_summary_routed.rpt"/>
  <File Type="ROUTE-TIMING-PB" Name="lab5_timing_summary_routed.pb"/>
  <File Type="ROUTE-TIMING-RPX" Name="lab5_timing_summary_routed.rpx"/>
  <File Type="ROUTE-SIMILARITY" Name="lab5_incremental_reuse_routed.rpt"/>
  <File Type="ROUTE-CLK" Name="lab5_clock_utilization_routed.rpt"/>
  <File Type="ROUTE-BUS-SKEW" Name="lab5_bus_skew_routed.rpt"/>
  <File Type="ROUTE-BUS-SKEW-PB" Name="lab5_bus_skew_routed.pb"/>
  <File Type="ROUTE-BUS-SKEW-RPX" Name="lab5_bus_skew_routed.rpx"/>
  <File Type="POSTROUTE-PHYSOPT-DCP" Name="lab5_postroute_physopt.dcp"/>
  <File Type="POSTROUTE-PHYSOPT-BLACKBOX-DCP" Name="lab5_postroute_physopt_bb.dcp"/>
  <File Type="POSTROUTE-PHYSOPT-TIMING" Name="lab5_timing_summary_postroute_physopted.rpt"/>
  <File Type="POSTROUTE-PHYSOPT-TIMING-PB" Name="lab5_timing_summary_postroute_physopted.pb"/>
  <File Type="POSTROUTE-PHYSOPT-TIMING-RPX" Name="lab5_timing_summary_postroute_physopted.rpx"/>
  <File Type="POSTROUTE-PHYSOPT-BUS-SKEW" Name="lab5_bus_skew_postroute_physopted.rpt"/>
  <File Type="POSTROUTE-PHYSOPT-BUS-SKEW-PB" Name="lab5_bus_skew_postroute_physopted.pb"/>
  <File Type="BG-BIT" Name="lab5.bit"/>
  <File Type="POSTROUTE-PHYSOPT-BUS-SKEW-RPX" Name="lab5_bus_skew_postroute_physopted.rpx"/>
  <File Type="BITSTR-RBT" Name="lab5.rbt"/>
  <File Type="BITSTR-NKY" Name="lab5.nky"/>
  <File Type="PDI-FILE" Name="lab5.pdi"/>
  <File Type="RCFI_FILE" Name="lab5.rcfi"/>
  <File Type="CFI_FILE" Name="lab5.cfi"/>
  <File Type="RNPI_FILE" Name="lab5.rnpi"/>
  <File Type="NPI_FILE" Name="lab5.npi"/>
  <File Type="RBD_FILE" Name="lab5.rbd"/>
  <File Type="BITSTR-LTX" Name="debug_nets.ltx"/>
  <File Type="BITSTR-LTX" Name="lab5.ltx"/>
  <File Type="BITSTR-SYSDEF" Name="lab5.sysdef"/>
  <File Type="BG-BGN" Name="lab5.bgn"/>
  <File Type="BG-DRC" Name="lab5.drc"/>
  <File Type="RDI-RDI" Name="lab5.vdi"/>
  <File Type="WBT-USG" Name="usage_statistics_webtalk.html"/>
  <FileSet Name="sources" Type="DesignSrcs" RelSrcDir="$PSRCDIR/sources_1">
    <Filter Type="Srcs"/>
    <File Path="$PSRCDIR/sources_1/new/lab5.v">
      <FileInfo>
        <Attr Name="UsedIn" Val="synthesis"/>
        <Attr Name="UsedIn" Val="implementation"/>
        <Attr Name="UsedIn" Val="simulation"/>
      </FileInfo>
    </File>
    <Config>
      <Option Name="DesignMode" Val="RTL"/>
      <Option Name="TopModule" Val="lab5"/>
      <Option Name="TopAutoSet" Val="TRUE"/>
    </Config>
  </FileSet>
  <FileSet Name="constrs_in" Type="Constrs" RelSrcDir="$PSRCDIR/constrs_1">
    <Filter Type="Constrs"/>
    <File Path="$PSRCDIR/constrs_1/new/lab5_cst.xdc">
      <FileInfo>
        <Attr Name="UsedIn" Val="synthesis"/>
        <Attr Name="UsedIn" Val="implementation"/>
      </FileInfo>
    </File>
    <Config>
      <Option Name="TargetConstrsFile" Val="$PSRCDIR/constrs_1/new/lab5_cst.xdc"/>
      <Option Name="ConstrsType" Val="XDC"/>
    </Config>
  </FileSet>
  <FileSet Name="utils" Type="Utils" RelSrcDir="$PSRCDIR/utils_1">
    <Filter Type="Utils"/>
    <Config>
      <Option Name="TopAutoSet" Val="TRUE"/>
    </Config>
  </FileSet>
  <Strategy Version="1" Minor="2">
    <StratHandle Name="Vivado Implementation Defaults" Flow="Vivado Implementation 2019">
      <Desc>Default settings for Implementation.</Desc>
    </StratHandle>
    <Step Id="init_design"/>
    <Step Id="opt_design"/>
    <Step Id="power_opt_design"/>
    <Step Id="place_design"/>
    <Step Id="post_place_power_opt_design"/>
    <Step Id="phys_opt_design" EnableStepBool="1"/>
    <Step Id="route_design"/>
    <Step Id="post_route_phys_opt_design"/>
    <Step Id="write_bitstream"/>
  </Strategy>
</GenRun>
